CREATE TABLE DEPARTMENT ( 
  DeptCode  VARCHAR2(4) NOT NULL PRIMARY KEY, 
  DeptName VARCHAR2(50) NOT NULL, 
  StudentAllotted       NUMBER(4)
);

INSERT INTO DEPARTMENT VALUES ('CSE', 'Computer Science and Engineering', 120);
INSERT INTO DEPARTMENT VALUES ('ECE', 'Electronics and Communication Engineering', 120);
INSERT INTO DEPARTMENT VALUES ('IT', 'Information Technology', 60);
INSERT INTO DEPARTMENT VALUES ('EE', 'Electrical Engineering', 60);

CREATE TABLE STUDENT ( 
  RollNo        NUMBER(6)       NOT NULL PRIMARY KEY, 
  StuName       VARCHAR2(50)    NOT NULL, 
  Address       VARCHAR2(50)    NOT NULL,
  PhoneNo       NUMBER(10),
  YearOfAdm     NUMBER(4)       NOT NULL,
  DeptCode      VARCHAR2(4)     NOT NULL,
  Semester      VARCHAR2(4)     NOT NULL,
  BirthDate     DATE            NOT NULL
);

INSERT INTO STUDENT VALUES (1001, 'ANKIT DAS', 'VIP Road, Kolkata', 9830675221, 2017, 'CSE', 'SEM5', TO_DATE('10/02/1999', 'DD/MM/YYYY'));
INSERT INTO STUDENT VALUES (1002, 'MOINAK GHOSH', 'MG Road, Kolkata', 7988822201, 2015, 'CSE', 'SEM5', TO_DATE('01/05/1998', 'DD/MM/YYYY'));
INSERT INTO STUDENT VALUES (1003, 'PARIMAL KUMAR', 'NSB Road, Birati', 8099922211, 2016, 'CSE', 'SEM5', TO_DATE('17/03/2001', 'DD/MM/YYYY'));
INSERT INTO STUDENT VALUES (2001, 'SANCHITA SINGH', 'Tegharia, Kolkata', 9999110011, 2017, 'ECE', 'SEM5', TO_DATE('20/10/2000', 'DD/MM/YYYY'));
INSERT INTO STUDENT VALUES (2002, 'ANANYA BISWAS', 'MG Road, Howrah', 7667880010, 2017, 'ECE', 'SEM5', TO_DATE('05/11/2001', 'DD/MM/YYYY'));
INSERT INTO STUDENT VALUES (2101, 'ASHISH KUMAR', 'Baguiati, Kokata', 6544332121, 2017, 'ECE', 'SEM5', TO_DATE('17/09/2001', 'DD/MM/YYYY'));
INSERT INTO STUDENT VALUES (1029, 'NAITIK PRASAD', 'KGR Path, Belgharia',NULL, 2018, 'CSE', 'SEM3', TO_DATE('08/10/2003', 'DD/MM/YYYY'));
INSERT INTO STUDENT VALUES (4011, 'SATNAM JYOTI', 'Garia, Kokata', 8933322125, 2018, 'IT', 'SEM3', TO_DATE('21/09/2002', 'DD/MM/YYYY'));

CREATE TABLE SUBJECT(
    SubjectCode Varchar2(6) not null primary key,
    SubjectName Varchar2(25) not null,
    DeptCode Varchar2(3),
    Semester Varchar2(4) not null,
    foreign key (DeptCode) references DEPARTMENT(DeptCode)
);

CREATE TABLE MARKS(
    RollNo number(6) not null,
    Sub_code Varchar2(8) not null,
    Marks number(3) check (Marks<=100),
    Pass_Marks number(2),
    foreign key (RollNo) references STUDENT(RollNo)
);

INSERT INTO SUBJECT VALUES('CS301','Data Structure','CSE','SEM3');
INSERT INTO SUBJECT VALUES('CS302','Computer Organization','CSE','SEM3');
INSERT INTO SUBJECT VALUES('CS501','Discrete Mathematics','CSE','SEM5');
INSERT INTO SUBJECT VALUES('CS502','Data Communication','CSE','SEM5');
INSERT INTO SUBJECT VALUES('ECS501','Data Base systems','ECE','SEM5');
INSERT INTO SUBJECT VALUES('EC501','Analog Signals','ECE','SEM5');
INSERT INTO SUBJECT VALUES('CS503','Operating Systems','CSE','SEM5');


INSERT INTO MARKS VALUES(1001,'CS501',68,40);
INSERT INTO MARKS VALUES(1002,'CS501',76,40);
INSERT INTO MARKS VALUES(1003,'CS501',91,40);
INSERT INTO MARKS VALUES(1001,'CS502',38,40);
INSERT INTO MARKS VALUES(1002,'CS502',81,40);
INSERT INTO MARKS VALUES(1003,'CS502',82,40);
INSERT INTO MARKS VALUES(1023,'CS301',92,40);
INSERT INTO MARKS VALUES(1029,'CS301',83,40);
INSERT INTO MARKS VALUES(1500,'CS301',65,40);
INSERT INTO MARKS VALUES(1023,'CS302',75,40);
INSERT INTO MARKS VALUES(1029,'CS302',71,40);
INSERT INTO MARKS VALUES(1500,'CS302',35,40);
INSERT INTO MARKS VALUES(2001,'ECS501',67,30);
INSERT INTO MARKS VALUES(2002,'ECS501',72,30);
INSERT INTO MARKS VALUES(2101,'EC501',77,40);
